{
    "project": {
        "version": "NEXT",
        "name": "PreloadJS",
        "description": "Preload JS API.",
        "url": "http://www.createjs.com/#!/PreloadJS",
        "logo": "http://beta.createjs.com/resources/SuiteIcons/PreloadJS/PreloadJS_128x128.png"
    },
    "files": {
        "../src/easeljs/events/EventDispatcher.js": {
            "name": "../src/easeljs/events/EventDispatcher.js",
            "modules": {},
            "classes": {
                "EventDispatcher": 1,
                "Listener": 1
            },
            "fors": {
                "EventDispatcher": 1
            },
            "namespaces": {}
        },
        "../src/preloadjs/AbstractLoader.js": {
            "name": "../src/preloadjs/AbstractLoader.js",
            "modules": {
                "PreloadJS": 1
            },
            "classes": {
                "AbstractLoader": 1
            },
            "fors": {},
            "namespaces": {}
        },
        "../src/preloadjs/PreloadJS.js": {
            "name": "../src/preloadjs/PreloadJS.js",
            "modules": {},
            "classes": {
                "PreloadJS": 1
            },
            "fors": {},
            "namespaces": {}
        },
        "../src/preloadjs/TagLoader.js": {
            "name": "../src/preloadjs/TagLoader.js",
            "modules": {},
            "classes": {
                "TagLoader": 1
            },
            "fors": {},
            "namespaces": {}
        },
        "../src/preloadjs/XHRLoader.js": {
            "name": "../src/preloadjs/XHRLoader.js",
            "modules": {},
            "classes": {
                "XHRLoader": 1
            },
            "fors": {},
            "namespaces": {}
        }
    },
    "modules": {
        "PreloadJS": {
            "name": "PreloadJS",
            "submodules": {},
            "classes": {
                "EventDispatcher": 1,
                "Listener": 1,
                "AbstractLoader": 1,
                "PreloadJS": 1,
                "TagLoader": 1,
                "XHRLoader": 1
            },
            "fors": {},
            "namespaces": {},
            "tag": "module",
            "file": "../src/preloadjs/XHRLoader.js",
            "line": 39,
            "description": "PreloadJS provides a consistent way to preload content for use in HTML applications. Preloading can be done using\nHTML tags, as well as XHR. By default, PreloadJS will try and load content using XHR, since it provides better\nsupport for progress and completion events, however due to cross-domain issues, it may still be preferable to use\ntag-based loading instead. Note that some content requires XHR to work (plain text, web audio), and some requires\ntags (HTML audio).\n<br/><br/>\nPreloadJS currently supports all modern browsers, and we have done our best to include support for most older\nbrowsers is included. If you find an issue with any specific OS/browser combination, please visit\nhttp://community.createjs.com/ and report it.\n<br/><br/>\nTo get started:\n<ol>\n    <li>Create a preload queue. An instance of PreloadJS is all you need.</li>\n    <li>Register any plugins you need. For example, if loading audio for playback with SoundJS, it is recommended\n    to install SoundJS as a plugin.</li>\n    <li>Subscribe to events. You can get notified of overall progress, item progress, overall completion,\n    item completion, and errors.</li>\n    <li>Load a file or manifest using <code>loadFile()</code> or <code>loadManifest()</code>. You can pass a simple\n         string, an object with additional parameters and data, or even an HTML tag.</li>\n    <li>Once your file or queue is loaded, look up results in event objects, or using simple APIs to use in your HTML\n         applications.</li>\n</ol>\n\nLoaded content can be accessed as the \"result\" of a fileLoad event, or looked up using the <code>getResult(id)</code>\nmethod. This will always be the usable content, including:\n<ul>\n    <li>Image: An &lt;img /&gt; tag</li>\n    <li>Audio: An &lt;audio /&gt; tag</a>\n    <li>JavaScript: A &lt;script /&gt; tag</li>\n    <li>CSS: A &lt;link /&gt; tag (tag loading) or a &lt;style /&gt; tag (xhr loading)</li>\n    <li>XML: An XML DOM node</li>\n    <li>SVG: An &lt;object /&gt; tag (tag loading) or a &lt;svg /&gt; tag (xhr loading)</li>\n    <li>JSON: A formatted JavaScript Object</li>\n    <li>Text: Raw text</li>\n    <li>Binary: The binary loaded result</li>\n</ul>\n\nRaw loaded content can be accessed using the \"rawResult\" property of the fileLoad event, or can be looked up using\n<code>getResult(id, true)</code>. This is only applicable for content that has been parsed for the browser,\nspecifically, JavaScript, CSS, XML, SVG, and JSON objects.",
            "example": [
                "\n     var queue = new createjs.PreloadJS();\n     queue.installPlugin(createjs.SoundJS);\n     queue.onComplete = handleComplete;\n     queue.loadFile({id:\"sound\", src:\"http://path/to/sound.mp3\"});</code>\n     queue.loadManifest([\n         {id: \"myImage\", src:\"path/to/myImage.jpg\"}\n     ]);\n     function handleComplete() {\n         createjs.SoundJS.play(\"mySound\");\n         var image = queue.getResult(\"mySound\");\n         document.appendChild(image.result);\n     }"
            ]
        }
    },
    "classes": {
        "EventDispatcher": {
            "name": "EventDispatcher",
            "shortname": "EventDispatcher",
            "classitems": [],
            "plugins": [],
            "extensions": [],
            "plugin_for": [],
            "extension_for": [],
            "module": "PreloadJS",
            "file": "../src/easeljs/events/EventDispatcher.js",
            "line": 34,
            "description": "Provides methods for managing prioritized queues of event listeners and dispatching events. You can either extend\nthis class or mix its methods into an existing prototype or instance by using EventDispatcher.initialize(target).",
            "is_constructor": 1
        },
        "Listener": {
            "name": "Listener",
            "shortname": "Listener",
            "classitems": [],
            "plugins": [],
            "extensions": [],
            "plugin_for": [],
            "extension_for": [],
            "module": "PreloadJS",
            "file": "../src/easeljs/events/EventDispatcher.js",
            "line": 60,
            "description": "Inner class used by the EventDispatcher class.",
            "access": "protected",
            "tagname": "",
            "is_constructor": 1
        },
        "AbstractLoader": {
            "name": "AbstractLoader",
            "shortname": "AbstractLoader",
            "classitems": [],
            "plugins": [],
            "extensions": [],
            "plugin_for": [],
            "extension_for": [],
            "module": "PreloadJS",
            "namespace": "",
            "file": "../src/preloadjs/AbstractLoader.js",
            "line": 94,
            "description": "The base loader, which handles all callbacks. All loaders should extend this class.",
            "is_constructor": 1
        },
        "PreloadJS": {
            "name": "PreloadJS",
            "shortname": "PreloadJS",
            "classitems": [],
            "plugins": [],
            "extensions": [],
            "plugin_for": [],
            "extension_for": [],
            "module": "PreloadJS",
            "namespace": "",
            "file": "../src/preloadjs/PreloadJS.js",
            "line": 53,
            "description": "The PreloadJS class is the main API for preloading content. PreloadJS is a load manager, which maintains\na single file, or a queue of files. Create a queue, add files to it, and listen for events to load and manage\nthe preloading of images, text, audio, and other HTML-based content.",
            "params": [
                {
                    "name": "useXHR",
                    "description": "Determines whether the preload instance will favor loading with XHR (XML HTTP Requests),\nor HTML tags. When this is <code>false</code>, PreloadJS will use tag loading when possible, and fall back on XHR\nwhen necessary.",
                    "type": "Boolean"
                }
            ],
            "is_constructor": 1,
            "extends": "AbstractLoader"
        },
        "TagLoader": {
            "name": "TagLoader",
            "shortname": "TagLoader",
            "classitems": [],
            "plugins": [],
            "extensions": [],
            "plugin_for": [],
            "extension_for": [],
            "module": "PreloadJS",
            "namespace": "",
            "file": "../src/preloadjs/TagLoader.js",
            "line": 41,
            "description": "A preloader that loads items using a tag-based approach. HTML audio and images can use this plugin to load content\ncross-domain without security errors, whereas anything loaded with XHR has issues.\n<br />\nNote that for audio tags, we rely on the <code>canPlayThrough</code> event, which fires when the buffer is full\nenough to play the audio all the way through at the current download speed. This completely preloads most sound\neffects, however longer tracks like background audio will only load a portion before the event is fired. Most\nbrowsers (all excluding Chrome) will continue to preload once this is fired, so this is considered good enough\nfor most cases.\n<br />\nThere is a built-in fallback for XHR loading for tags that do not fire onload events, such as &lt;script&gt;\nand &lt;style&gt;. This approach is used so that a proper script or style object is returned to PreloadJS when it\nis loaded.",
            "is_constructor": 1,
            "extends": "AbstractLoader",
            "params": [
                {
                    "name": "item",
                    "description": "The item to load. Please see the <code>PreloadJS.loadFile()</code> for information\n     on load items.",
                    "type": "Object"
                }
            ]
        },
        "XHRLoader": {
            "name": "XHRLoader",
            "shortname": "XHRLoader",
            "classitems": [],
            "plugins": [],
            "extensions": [],
            "plugin_for": [],
            "extension_for": [],
            "module": "PreloadJS",
            "namespace": "",
            "file": "../src/preloadjs/XHRLoader.js",
            "line": 39,
            "description": "A preloader that loads items using XHR requests (usually XMLHttpRequest, however XDomainRequests will be used\nfor cross-domain requests if possible. Older versions of IE fall back on to ActiveX objects when necessary. XHR\nrequests load the content as data or binary files, provide progress, and consistent completion events. Note\nthat XHR is not supported in IE 6 or earlier, and is not recommended for cross-domain loading.",
            "is_constructor": 1,
            "params": [
                {
                    "name": "file",
                    "description": "The object that defines the file to load. Please see the addItem method in PreloadJS\n     for an overview of supported file properties.",
                    "type": "Object"
                }
            ],
            "extends": "AbstractLoader"
        }
    },
    "classitems": [
        {
            "file": "../src/easeljs/events/EventDispatcher.js",
            "line": 46,
            "description": "Static initializer to mix in EventDispatcher methods.",
            "itemtype": "method",
            "name": "initialize",
            "static": 1,
            "params": [
                {
                    "name": "target",
                    "description": "The target object to inject EventDispatcher methods into. This can be an instance or a prototype.",
                    "type": "Object"
                }
            ],
            "class": "EventDispatcher"
        },
        {
            "file": "../src/easeljs/events/EventDispatcher.js",
            "line": 74,
            "access": "protected",
            "tagname": "",
            "itemtype": "property",
            "name": "_listeners",
            "type": "Object",
            "class": "EventDispatcher"
        },
        {
            "file": "../src/easeljs/events/EventDispatcher.js",
            "line": 82,
            "description": "Initialization method.",
            "itemtype": "method",
            "name": "initialize",
            "access": "protected",
            "tagname": "",
            "class": "EventDispatcher"
        },
        {
            "file": "../src/easeljs/events/EventDispatcher.js",
            "line": 90,
            "description": "Adds the specified event listener.",
            "itemtype": "method",
            "name": "addEventListener",
            "params": [
                {
                    "name": "type",
                    "description": "The string type of the event.",
                    "type": "String"
                },
                {
                    "name": "callback",
                    "description": "The function that will be called when this event is dispatched.",
                    "type": "Function"
                },
                {
                    "name": "scope",
                    "description": "Optional. The scope/context that the callback will be called in (ie. the \"this\").",
                    "type": "Object"
                },
                {
                    "name": "priority",
                    "description": "Optional. Listeners with a higher priority will be called before those with lower priority. Default is 0.",
                    "type": "Number"
                }
            ],
            "class": "EventDispatcher"
        },
        {
            "file": "../src/easeljs/events/EventDispatcher.js",
            "line": 110,
            "description": "Removes the specified event listener.",
            "itemtype": "method",
            "name": "removeEventListener",
            "params": [
                {
                    "name": "type",
                    "description": "The string type of the event.",
                    "type": "String"
                },
                {
                    "name": "callback",
                    "description": "The listener function.",
                    "type": "Function"
                },
                {
                    "name": "scope",
                    "description": "Optional. The listener scope. This must be the same as for addEventListener.",
                    "type": "Object"
                }
            ],
            "class": "EventDispatcher"
        },
        {
            "file": "../src/easeljs/events/EventDispatcher.js",
            "line": 133,
            "description": "Removes all listeners for the specified type, or all listeners of all types.",
            "itemtype": "method",
            "name": "removeEventListener",
            "params": [
                {
                    "name": "type",
                    "description": "The string type of the event. If omitted, all listeners for all types will be removed.",
                    "type": "String"
                }
            ],
            "class": "EventDispatcher"
        },
        {
            "file": "../src/easeljs/events/EventDispatcher.js",
            "line": 143,
            "description": "Dispatches the specified event.",
            "itemtype": "method",
            "name": "dispatchEvent",
            "params": [
                {
                    "name": "eventObj",
                    "description": "An object with a \"type\" property, or a string type. If a string is used, dispatchEvent will contstruct a generic event object with \"type\" and \"params\" properties.",
                    "type": "Object | String"
                },
                {
                    "name": "callback",
                    "description": "Optional. If specified, dispatchEvent will call the specified function in this scope, with the parameters specified in params.",
                    "type": "Function"
                },
                {
                    "name": "params",
                    "description": "Optional. An array of parameters to call the callback with. This will also be added as a \"params\" property on the constructed event object if a string is passed to eventObj.",
                    "type": "Array"
                }
            ],
            "return": {
                "description": "Returns true if any listener returned true.",
                "type": "Boolean"
            },
            "class": "EventDispatcher"
        },
        {
            "file": "../src/easeljs/events/EventDispatcher.js",
            "line": 170,
            "description": "Indicates whether there is at least one listener for the specified event type or a defined callback.",
            "itemtype": "method",
            "name": "hasEventListener",
            "params": [
                {
                    "name": "type",
                    "description": "The string type of the event.",
                    "type": "String"
                },
                {
                    "name": "callback",
                    "description": "Optional. The callback function related to this event.",
                    "type": "Function"
                }
            ],
            "return": {
                "description": "Returns true if there is at least one listener for the specified event.",
                "type": "Boolean"
            },
            "class": "EventDispatcher"
        },
        {
            "file": "../src/easeljs/events/EventDispatcher.js",
            "line": 181,
            "description": "Returns a string representation of this object.",
            "itemtype": "method",
            "name": "toString",
            "return": {
                "description": "a string representation of the instance.",
                "type": "String"
            },
            "class": "EventDispatcher"
        },
        {
            "file": "../src/preloadjs/AbstractLoader.js",
            "line": 107,
            "description": "The RegExp pattern to use to parse file URIs. This supports simple file names, as well as full domain URIs with\nquery strings. The resulting match is: protocol:$1 domain:$2 path:$3 file:$4 ext:$5 params:$6.",
            "itemtype": "property",
            "name": "FILE_PATTERN",
            "type": "{RegExp}",
            "static": 1,
            "access": "protected",
            "tagname": "",
            "class": "AbstractLoader",
            "module": "PreloadJS"
        },
        {
            "file": "../src/preloadjs/AbstractLoader.js",
            "line": 117,
            "description": "If the loader has completed loading. This provides a quick check, but also ensures that the different approaches\nused for loading do not pile up resulting in more than one <code>onComplete</code> event.",
            "itemtype": "property",
            "name": "loaded",
            "type": "Boolean",
            "default": "false",
            "class": "AbstractLoader",
            "module": "PreloadJS"
        },
        {
            "file": "../src/preloadjs/AbstractLoader.js",
            "line": 126,
            "description": "Determine if a preload instance was canceled. Canceled loads will\nnot fire complete events. Note that PreloadJS queues should be closed\ninstead of canceled.",
            "itemtype": "property",
            "name": "canceled",
            "type": "{Boolean}",
            "default": "false",
            "class": "AbstractLoader",
            "module": "PreloadJS"
        },
        {
            "file": "../src/preloadjs/AbstractLoader.js",
            "line": 136,
            "description": "The current load progress (percentage) for this item.",
            "itemtype": "property",
            "name": "progress",
            "type": "Number",
            "default": "0",
            "class": "AbstractLoader",
            "module": "PreloadJS"
        },
        {
            "file": "../src/preloadjs/AbstractLoader.js",
            "line": 144,
            "description": "The item this loader controls. Note that this is null in PreloadJS, but will be available on plugins such as\nXHRLoader and TagLoader.",
            "itemtype": "property",
            "name": "_item",
            "type": "Object",
            "access": "private",
            "tagname": "",
            "class": "AbstractLoader",
            "module": "PreloadJS"
        },
        {
            "file": "../src/preloadjs/AbstractLoader.js",
            "line": 155,
            "description": "The callback to fire as a file loads and the overall progress changes. The event contains the amount that is\nloaded, the total amount, and a progress property which is a 0-1 value. Alternately there is an\n<code>onProgress</code> callback that can be used as well.",
            "itemtype": "event",
            "name": "progress",
            "class": "AbstractLoader",
            "module": "PreloadJS"
        },
        {
            "file": "../src/preloadjs/AbstractLoader.js",
            "line": 163,
            "description": "The callback to fire when a load starts. Alternately, there is an <code>onLoadStart</code> callback that can be\nused as well.",
            "itemtype": "event",
            "name": "loadStart",
            "class": "AbstractLoader",
            "module": "PreloadJS"
        },
        {
            "file": "../src/preloadjs/AbstractLoader.js",
            "line": 170,
            "description": "The callback to fire when the entire queue has been loaded. Alternately, there is an <code>onComplete</code>\ncallback that can be used as well.",
            "itemtype": "event",
            "name": "complete",
            "class": "AbstractLoader",
            "module": "PreloadJS"
        },
        {
            "file": "../src/preloadjs/AbstractLoader.js",
            "line": 177,
            "description": "The callback to fire when the loader encounters an error. If the error was encountered by a file, the event will\ncontain the required file data, but the target will be the loader. Alternately, there is an\n<code>onError</code> callback you can use as well.",
            "itemtype": "event",
            "name": "error",
            "class": "AbstractLoader",
            "module": "PreloadJS"
        },
        {
            "file": "../src/preloadjs/AbstractLoader.js",
            "line": 199,
            "description": "Get a reference to the manifest item that is loaded by this loader.",
            "return": {
                "description": "The manifest item.",
                "type": "Object"
            },
            "class": "AbstractLoader",
            "module": "PreloadJS"
        },
        {
            "file": "../src/preloadjs/AbstractLoader.js",
            "line": 209,
            "description": "Initialize the loader. This is called by the constructor.",
            "itemtype": "method",
            "name": "initialize",
            "access": "private",
            "tagname": "",
            "class": "AbstractLoader",
            "module": "PreloadJS"
        },
        {
            "file": "../src/preloadjs/AbstractLoader.js",
            "line": 216,
            "description": "Begin loading the queued items. This method is usually called when a preload queue is set up but not started\nimmediately.",
            "itemtype": "method",
            "name": "load",
            "class": "AbstractLoader",
            "module": "PreloadJS"
        },
        {
            "file": "../src/preloadjs/AbstractLoader.js",
            "line": 223,
            "description": "Close the active queue. Closing a queue completely empties the queue, and prevents any remaining items from\nstarting to download. Note that currently there any active loads will remain open, and events may be processed.\n<br/><br/>\nTo stop and restart a queue, use the <code>setPaused(true|false)</code> method instead.",
            "itemtype": "method",
            "name": "close",
            "class": "AbstractLoader",
            "module": "PreloadJS"
        },
        {
            "file": "../src/preloadjs/AbstractLoader.js",
            "line": 234,
            "description": "Dispatch a loadStart event (onLoadStart callback). The dispatched event contains:\n<ul><li>target: A reference to the dispatching instance.</li></ul>",
            "itemtype": "method",
            "name": "_sendLoadStart",
            "access": "protected",
            "tagname": "",
            "class": "AbstractLoader",
            "module": "PreloadJS"
        },
        {
            "file": "../src/preloadjs/AbstractLoader.js",
            "line": 246,
            "description": "Dispatch a progress event (onProgress callback). The dispatched event contains:\n<ul><li>target: A reference to the dispatching instance</li>\n     <li>loaded: The amount that has been loaded.</li>\n     <li>total: The total amount that is being loaded.</li>\n     <li>progress: A normalized loaded value between 0 and 1</li></ol>",
            "itemtype": "method",
            "name": "_sendProgress",
            "params": [
                {
                    "name": "value",
                    "description": "The progress of the loaded item, or an object containing <code>loaded</code>\n     and <code>total</code> properties.f",
                    "type": "Number | Object"
                }
            ],
            "access": "protected",
            "tagname": "",
            "class": "AbstractLoader",
            "module": "PreloadJS"
        },
        {
            "file": "../src/preloadjs/AbstractLoader.js",
            "line": 274,
            "description": "Dispatch a complete event (onComplete callback). The dispatched event contains:\n<ul><li>target: A reference to the dispatching instance</li></ol>",
            "itemtype": "method",
            "name": "_sendComplete",
            "access": "protected",
            "tagname": "",
            "class": "AbstractLoader",
            "module": "PreloadJS"
        },
        {
            "file": "../src/preloadjs/AbstractLoader.js",
            "line": 286,
            "description": "Dispatch an error event (onError callback). The dispatched event contains:\n<ul><li>target: A reference to the dispatching instance</li>\n     <li>other: Dispatching objects may contain additional properties such as \"text\", \"source\", etc.</ol>",
            "itemtype": "method",
            "name": "_sendError",
            "params": [
                {
                    "name": "event",
                    "description": "The event object containing specific error properties.",
                    "type": "Object"
                }
            ],
            "access": "private",
            "tagname": "",
            "class": "AbstractLoader",
            "module": "PreloadJS"
        },
        {
            "file": "../src/preloadjs/AbstractLoader.js",
            "line": 302,
            "description": "Determine if the load has been canceled. This is important to ensure that method calls or asynchronous events\ndo not cause issues after the queue has been cleaned up.",
            "itemtype": "method",
            "name": "_isCanceled",
            "return": {
                "description": "If the loader has been canceled.",
                "type": "Boolean"
            },
            "access": "private",
            "tagname": "",
            "class": "AbstractLoader",
            "module": "PreloadJS"
        },
        {
            "file": "../src/preloadjs/AbstractLoader.js",
            "line": 316,
            "description": "Parse a file URI using the <code>FILE_PATTERN</code> RegExp pattern.",
            "itemtype": "method",
            "name": "_parseURI",
            "params": [
                {
                    "name": "path",
                    "description": ""
                }
            ],
            "return": {
                "description": "The matched file contents. Please see the <code>FILE_PATTERN</code> for details on the return\n     value. This will return null if it does not match.",
                "type": "Array"
            },
            "access": "private",
            "tagname": "",
            "class": "AbstractLoader",
            "module": "PreloadJS"
        },
        {
            "file": "../src/preloadjs/PreloadJS.js",
            "line": 71,
            "description": "The current version of the PreloadJS library.",
            "type": "{String}",
            "default": "0.2.1",
            "class": "PreloadJS",
            "module": "PreloadJS"
        },
        {
            "file": "../src/preloadjs/PreloadJS.js",
            "line": 78,
            "description": "Time in milliseconds to assume a load has failed.",
            "itemtype": "property",
            "name": "TIMEOUT_TIME",
            "type": "Number",
            "default": "8000",
            "static": 1,
            "class": "PreloadJS",
            "module": "PreloadJS"
        },
        {
            "file": "../src/preloadjs/PreloadJS.js",
            "line": 88,
            "description": "The preload type for generic binary types. Note that images and sound files are also treated as binary.",
            "itemtype": "property",
            "name": "BINARY",
            "type": "String",
            "default": "binary",
            "static": 1,
            "class": "PreloadJS",
            "module": "PreloadJS"
        },
        {
            "file": "../src/preloadjs/PreloadJS.js",
            "line": 97,
            "description": "The preload type for css files.",
            "itemtype": "property",
            "name": "CSS",
            "type": "String",
            "default": "css",
            "static": 1,
            "class": "PreloadJS",
            "module": "PreloadJS"
        },
        {
            "file": "../src/preloadjs/PreloadJS.js",
            "line": 106,
            "description": "The preload type for image files, usually png, gif, or jpg/jpeg",
            "itemtype": "property",
            "name": "IMAGE",
            "type": "String",
            "default": "image",
            "static": 1,
            "class": "PreloadJS",
            "module": "PreloadJS"
        },
        {
            "file": "../src/preloadjs/PreloadJS.js",
            "line": 115,
            "description": "The preload type for javascript files, usually with the \"js\" file extension.",
            "itemtype": "property",
            "name": "JAVASCRIPT",
            "type": "String",
            "default": "javascript",
            "static": 1,
            "class": "PreloadJS",
            "module": "PreloadJS"
        },
        {
            "file": "../src/preloadjs/PreloadJS.js",
            "line": 124,
            "description": "The preload type for json files, usually with the \"json\" file extension.",
            "itemtype": "property",
            "name": "JSON",
            "type": "String",
            "default": "json",
            "static": 1,
            "class": "PreloadJS",
            "module": "PreloadJS"
        },
        {
            "file": "../src/preloadjs/PreloadJS.js",
            "line": 133,
            "description": "The preload type for sound files, usually mp3, ogg, or wav.",
            "itemtype": "property",
            "name": "SOUND",
            "type": "String",
            "default": "sound",
            "static": 1,
            "class": "PreloadJS",
            "module": "PreloadJS"
        },
        {
            "file": "../src/preloadjs/PreloadJS.js",
            "line": 142,
            "itemtype": "property",
            "name": "SVG",
            "type": "String",
            "default": "svg",
            "static": 1,
            "class": "PreloadJS",
            "module": "PreloadJS"
        },
        {
            "file": "../src/preloadjs/PreloadJS.js",
            "line": 150,
            "description": "The preload type for text files, which is also the default file type if the type can not be determined.",
            "itemtype": "property",
            "name": "TEXT",
            "type": "String",
            "default": "text",
            "static": 1,
            "class": "PreloadJS",
            "module": "PreloadJS"
        },
        {
            "file": "../src/preloadjs/PreloadJS.js",
            "line": 159,
            "description": "The preload type for xml files.",
            "itemtype": "property",
            "name": "XML",
            "type": "String",
            "default": "xml",
            "static": 1,
            "class": "PreloadJS",
            "module": "PreloadJS"
        },
        {
            "file": "../src/preloadjs/PreloadJS.js",
            "line": 170,
            "description": "Use XMLHttpRequest when possible. Note that PreloadJS will default to tags or XHR depending on the requirements\nfor a media type. For example, audio can not be loaded with XHR unless it is for web audio, so it will default\nto tag loading.",
            "itemtype": "property",
            "name": "useXHR",
            "type": "Boolean",
            "default": "true",
            "class": "PreloadJS",
            "module": "PreloadJS"
        },
        {
            "file": "../src/preloadjs/PreloadJS.js",
            "line": 180,
            "description": "Stop processing the current queue when an error is encountered.",
            "itemtype": "property",
            "name": "stopOnError",
            "type": "Boolean",
            "default": "false",
            "class": "PreloadJS",
            "module": "PreloadJS"
        },
        {
            "file": "../src/preloadjs/PreloadJS.js",
            "line": 188,
            "description": "Ensure loaded scripts \"complete\" in the order they are specified.",
            "itemtype": "property",
            "name": "maintainScriptOrder",
            "type": "Boolean",
            "default": "true",
            "class": "PreloadJS",
            "module": "PreloadJS"
        },
        {
            "file": "../src/preloadjs/PreloadJS.js",
            "line": 196,
            "description": "Automatically add tags to the HEAD of the document when they are loaded. Note that when loading JavaScript\nusing a tag-based approach (<code>useXHR=false</code>), tags are automatically added to the HEAD in order to\nload them.",
            "itemtype": "property",
            "name": "addHeadTags",
            "todo": [
                ""
            ],
            "type": "{Boolean}",
            "default": "trues",
            "class": "PreloadJS",
            "module": "PreloadJS"
        },
        {
            "file": "../src/preloadjs/PreloadJS.js",
            "line": 207,
            "description": "The next preload queue to process when this one is complete. If an error is thrown in the current queue, and\n<code>stopOnError</code> is <code>true</code>, the next queue will not be processed.",
            "itemtype": "property",
            "name": "next",
            "type": "PreloadJS",
            "default": "null",
            "class": "PreloadJS",
            "module": "PreloadJS"
        },
        {
            "file": "../src/preloadjs/PreloadJS.js",
            "line": 216,
            "description": "The callback to fire when a single file completes. The event contains a reference to the loaded result, rawResult\n(if it exists), and the item that was loaded.  Alternately, there is an <code>onFileLoad</code> callback that can\nbe used as well.",
            "itemtype": "event",
            "name": "fileLoad",
            "class": "PreloadJS",
            "module": "PreloadJS"
        },
        {
            "file": "../src/preloadjs/PreloadJS.js",
            "line": 224,
            "description": "The callback to fire when a file progress changes. The event contains a reference to the item that is being\nloaded, the \"loaded\" and \"total\" bytes (often just a percentage of 1), and a \"progress\" property that is a\npercentage of 1. Alternately, there is an <code>onFileProgress</code> callback that can be used as well.",
            "itemtype": "event",
            "name": "fileProgress",
            "class": "PreloadJS",
            "module": "PreloadJS"
        },
        {
            "file": "../src/preloadjs/PreloadJS.js",
            "line": 234,
            "description": "An object hash of callbacks that are fired for each file type before the file is loaded, giving plugins the\nability to override properties of the load. Please see the <code>installPlugin</code> method for more information.",
            "itemtype": "property",
            "name": "_typeCallbacks",
            "type": "{Object}",
            "access": "private",
            "tagname": "",
            "class": "PreloadJS",
            "module": "PreloadJS"
        },
        {
            "file": "../src/preloadjs/PreloadJS.js",
            "line": 243,
            "description": "An object hash of callbacks that are fired for each file extension before the file is loaded, giving plugins the\nability to override properties of the load. Please see the <code>installPlugin</code> method for more information.",
            "itemtype": "property",
            "name": "_extensionCallbacks",
            "type": "{null}",
            "access": "private",
            "tagname": "",
            "class": "PreloadJS",
            "module": "PreloadJS"
        },
        {
            "file": "../src/preloadjs/PreloadJS.js",
            "line": 252,
            "description": "Determines if the loadStart event was dispatched already. This event is only fired one time, when the first\nfile is requested.",
            "itemtype": "property",
            "name": "_loadStartWasDispatched",
            "type": "{Boolean}",
            "default": "false",
            "access": "private",
            "tagname": "",
            "class": "PreloadJS",
            "module": "PreloadJS"
        },
        {
            "file": "../src/preloadjs/PreloadJS.js",
            "line": 262,
            "description": "The number of maximum open connections that PreloadJS tries to maintain. Please see <code>setMaxConnections</code>\nfor more information.",
            "itemtype": "property",
            "name": "_maxConnections",
            "type": "{Number}",
            "default": "1",
            "access": "private",
            "tagname": "",
            "class": "PreloadJS",
            "module": "PreloadJS"
        },
        {
            "file": "../src/preloadjs/PreloadJS.js",
            "line": 272,
            "description": "Determines if there is currently a script loading. This helps ensure that only a single script loads at once when\nusing a script tag to do preloading.",
            "itemtype": "property",
            "name": "_currentlyLoadingScript",
            "type": "{Boolean}",
            "access": "private",
            "tagname": "",
            "class": "PreloadJS",
            "module": "PreloadJS"
        },
        {
            "file": "../src/preloadjs/PreloadJS.js",
            "line": 281,
            "description": "An array containing the currently downloading files.",
            "itemtype": "property",
            "name": "_currentLoads",
            "type": "{Array}",
            "access": "private",
            "tagname": "",
            "class": "PreloadJS",
            "module": "PreloadJS"
        },
        {
            "file": "../src/preloadjs/PreloadJS.js",
            "line": 289,
            "description": "An array containing the queued items that have not yet started downloading.",
            "itemtype": "property",
            "name": "_loadQueue",
            "type": "{Array}",
            "access": "private",
            "tagname": "",
            "class": "PreloadJS",
            "module": "PreloadJS"
        },
        {
            "file": "../src/preloadjs/PreloadJS.js",
            "line": 297,
            "description": "An array containing downloads that have not completed, so that PreloadJS can be properly reset.",
            "itemtype": "property",
            "name": "_loadQueueBackup",
            "type": "{Array}",
            "access": "private",
            "tagname": "",
            "class": "PreloadJS",
            "module": "PreloadJS"
        },
        {
            "file": "../src/preloadjs/PreloadJS.js",
            "line": 305,
            "description": "An object hash of items that have finished downloading, indexed by item IDs.",
            "itemtype": "property",
            "name": "_loadItemsById",
            "type": "{Object}",
            "access": "private",
            "tagname": "",
            "class": "PreloadJS",
            "module": "PreloadJS"
        },
        {
            "file": "../src/preloadjs/PreloadJS.js",
            "line": 313,
            "description": "An object hash of items that have finished downloading, indexed by item source.",
            "itemtype": "property",
            "name": "_loadItemsBySrc",
            "type": "{Object}",
            "access": "private",
            "tagname": "",
            "class": "PreloadJS",
            "module": "PreloadJS"
        },
        {
            "file": "../src/preloadjs/PreloadJS.js",
            "line": 321,
            "description": "An object hash of loaded items, indexed by the ID of the load item.",
            "itemtype": "property",
            "name": "_loadedResults",
            "type": "{Object}",
            "access": "private",
            "tagname": "",
            "class": "PreloadJS",
            "module": "PreloadJS"
        },
        {
            "file": "../src/preloadjs/PreloadJS.js",
            "line": 329,
            "description": "An object hash of un-parsed loaded items, indexed by the ID of the load item.",
            "itemtype": "property",
            "name": "_loadedRawResults",
            "type": "{Object}",
            "access": "private",
            "tagname": "",
            "class": "PreloadJS",
            "module": "PreloadJS"
        },
        {
            "file": "../src/preloadjs/PreloadJS.js",
            "line": 337,
            "description": "The number of items that have been requested. This helps manage an overall progress without knowing how large\nthe files are before they are downloaded.",
            "itemtype": "property",
            "name": "_numItems",
            "type": "{Number}",
            "default": "0",
            "access": "private",
            "tagname": "",
            "class": "PreloadJS",
            "module": "PreloadJS"
        },
        {
            "file": "../src/preloadjs/PreloadJS.js",
            "line": 347,
            "description": "The number of items that have completed loaded. This helps manage an overall progress without knowing how large\nthe files are before they are downloaded.",
            "itemtype": "property",
            "name": "_numItemsLoaded",
            "type": "{Number}",
            "default": "0",
            "access": "private",
            "tagname": "",
            "class": "PreloadJS",
            "module": "PreloadJS"
        },
        {
            "file": "../src/preloadjs/PreloadJS.js",
            "line": 357,
            "description": "A list of scripts in the order they were requested. This helps ensure that scripts are \"completed\" in the right\norder.",
            "itemtype": "property",
            "name": "_scriptOrder",
            "type": "{Array}",
            "access": "private",
            "tagname": "",
            "class": "PreloadJS",
            "module": "PreloadJS"
        },
        {
            "file": "../src/preloadjs/PreloadJS.js",
            "line": 366,
            "description": "A list of scripts that have been loaded. Items are added to this list as <code>null</code> when they are\nrequested, contain the loaded item if it has completed, but not been dispatched to the user, and <code>true</true>\nonce they are complete and have been dispatched.",
            "itemtype": "property",
            "name": "_loadedScripts",
            "type": "{Array}",
            "access": "private",
            "tagname": "",
            "class": "PreloadJS",
            "module": "PreloadJS"
        },
        {
            "file": "../src/preloadjs/PreloadJS.js",
            "line": 407,
            "description": "Stops all queued and loading items, and clears the queue. This also removes\nall internal references to loaded content, and allowed the queue to be used again.\nItems that have not yet started can be kicked off again using the load() method.",
            "itemtype": "method",
            "name": "removeAll",
            "class": "PreloadJS",
            "module": "PreloadJS"
        },
        {
            "file": "../src/preloadjs/PreloadJS.js",
            "line": 417,
            "description": "Stops an item from being loaded, and removes it from the queue. If nothing is passed, all items are removed.\nThis also removes internal references to loaded item(s).",
            "itemtype": "method",
            "name": "remove",
            "params": [
                {
                    "name": "idsOrUrls",
                    "description": "The id or ids to remove from this queue. You can pass\n     an item, an array of items, or multiple items as arguments.",
                    "type": "String | Array"
                }
            ],
            "class": "PreloadJS",
            "module": "PreloadJS"
        },
        {
            "file": "../src/preloadjs/PreloadJS.js",
            "line": 492,
            "description": "Stops all open loads, destroys any loaded items, and resets the queue, so all items can\nbe reloaded again by calling <b>load()</b>. Items are not removed from the queue. To remove\nitems use the <b>remove()</b> or <b>removeAll()</b> method.",
            "itemtype": "method",
            "name": "reset",
            "class": "PreloadJS",
            "module": "PreloadJS"
        },
        {
            "file": "../src/preloadjs/PreloadJS.js",
            "line": 526,
            "description": "Determine if a specific type should be loaded as a binary file. Currently, only images and items marked\nspecifically as \"binary\" are loaded as binary. Note that audio is <b>not</b> a binary type, as we can not play\nback using tags if it is loaded as binary. Plugins can change the item type to binary to ensure they get a binary\nresult to work with. Binary files are loaded using XHR2.",
            "itemtype": "method",
            "name": "isBinary",
            "params": [
                {
                    "name": "type",
                    "description": "The item type.",
                    "type": "String"
                }
            ],
            "return": {
                "description": "If the specified type is binary."
            },
            "access": "private",
            "tagname": "",
            "class": "PreloadJS",
            "module": "PreloadJS"
        },
        {
            "file": "../src/preloadjs/PreloadJS.js",
            "line": 546,
            "description": "Register a plugin. Plugins can map to both load types (sound, image, etc), or can map to specific extensions\n(png, mp3, etc). Currently, only one plugin can exist per type/extension. Plugins must return an object containing:\n <ul><li>callback: The function to call</li>\n     <li>types: An array of types to handle</li>\n     <li>extensions: An array of extensions to handle. This is overriden by type handlers.</li></ul>\nNote that even though a plugin might match both a type and extension handler, only one of them is fired.",
            "itemtype": "method",
            "name": "installPlugin",
            "params": [
                {
                    "name": "plugin",
                    "description": "The plugin to install",
                    "type": "Function"
                }
            ],
            "class": "PreloadJS",
            "module": "PreloadJS"
        },
        {
            "file": "../src/preloadjs/PreloadJS.js",
            "line": 571,
            "description": "Set the maximum number of concurrent connections. Note that browsers and servers may have a built-in maximum\nnumber of open connections, so any additional connections may stay remain in a pending state until the browser\nopens the connection. Note that when loading scripts using tags, and <code>maintainScriptOrder=true</code>, only\none script is loaded at a time due to browser limitations.",
            "itemtype": "method",
            "name": "setMaxConnections",
            "params": [
                {
                    "name": "value",
                    "description": "The number of concurrent loads to allow. By default, only a single connection is open at\n     any time.",
                    "type": "Number"
                }
            ],
            "class": "PreloadJS",
            "module": "PreloadJS"
        },
        {
            "file": "../src/preloadjs/PreloadJS.js",
            "line": 587,
            "description": "Load a single file. Note that calling loadFile appends to the current queue, so it can be used multiple times to\nadd files. Use <b>loadManifest()</b> to add multiple files at onces. To clear the queue first use the <b>close()</b> method.",
            "itemtype": "method",
            "name": "loadFile",
            "params": [
                {
                    "name": "file",
                    "description": "The file object or path to load. A file can be either\n<ol>\n    <li>a path to a resource (string). Note that this kind of load item will be\n    converted to an object (next item) in the background.</li>\n    <li>OR an object that contains:<ul>\n        <li>src: The source of the file that is being loaded. This property is <b>required</b>. The source can either be a string (recommended), or an HTML tag.</li>\n        <li>type: The type of file that will be loaded (image, sound, json, etc).\n        PreloadJS does auto-detection of types using the extension. Supported types are defined on PreloadJS, such as PreloadJS.IMAGE.\n        It is recommended that a type is specified when a non-standard file URI (such as a php script) us used.</li>\n        <li>id: A string indentifier which can be used to reference the loaded object.</li>\n        <li>data: An arbitrary data object, which is included with the loaded object</li>\n    </ul>\n</ol>",
                    "type": "Object | String"
                },
                {
                    "name": "loadNow",
                    "description": "Kick off an immediate load (true) or wait for a load call (false). The default value is true. If the queue is paused, and this value\nis true, the queue will resume.",
                    "type": "Boolean"
                }
            ],
            "class": "PreloadJS",
            "module": "PreloadJS"
        },
        {
            "file": "../src/preloadjs/PreloadJS.js",
            "line": 619,
            "description": "Load a manifest. This is a shortcut method to load a group of files. To load a single file, use the loadFile\nmethod. Note that calling loadManifest appends to the current queue, so it can be used multiple times to add\nfiles. To clear the queue first, use the <b>close()</b> method.",
            "itemtype": "method",
            "name": "loadManifest",
            "params": [
                {
                    "name": "manifest",
                    "description": "The list of files to load. Each file can be either:\n<ol>\n    <li>a path to a resource (string). Note that this kind of load item will be\n     converted to an object (see below) in the background.</li>\n    <li>OR an object that contains:<ul>\n        <li>src: The source of the file that is being loaded. This property is <b>required</b>.\n        The source can either be a string (recommended), or an HTML tag. </li>\n        <li>type: The type of file that will be loaded (image, sound, json, etc).\n        PreloadJS does auto-detection of types using the extension. Supported types are defined on PreloadJS,\n        such as <code>PreloadJS.IMAGE</code>. It is recommended that a type is specified when a non-standard file\n        URI (such as a php script) us used.</li>\n        <li>id: A string identifier which can be used to reference the loaded object.</li>\n        <li>data: An arbitrary data object, which is returned with the loaded object</li>\n    </ul>\n</ol>",
                    "type": "Array"
                },
                {
                    "name": "loadNow",
                    "description": "Kick off an immediate load (<code>true</code>) or wait for a load call (<code>false</code>).\nThe default value is true. If the queue is paused and this value is <code>true</code>, the queue will resume.",
                    "type": "Boolean"
                }
            ],
            "class": "PreloadJS",
            "module": "PreloadJS"
        },
        {
            "file": "../src/preloadjs/PreloadJS.js",
            "line": 673,
            "description": "Look up a load item using either the \"id\" or \"src\" that was specified when loading it.",
            "itemtype": "method",
            "name": "getItem",
            "params": [
                {
                    "name": "value",
                    "description": "The <code>id</code> or <code>src</code> of the load item.",
                    "type": "String"
                }
            ],
            "return": {
                "description": "The load item that was initially requested using <code>loadFile()</code> or\n<code>loadManifest()</code>. This object is also returned via the \"onFileLoad\" callback as the \"item\" parameter\nof the event.",
                "type": "Object"
            },
            "class": "PreloadJS",
            "module": "PreloadJS"
        },
        {
            "file": "../src/preloadjs/PreloadJS.js",
            "line": 685,
            "description": "Look up a loaded result using either the \"id\" or \"src\" that was specified when loading it.",
            "itemtype": "method",
            "name": "getResult",
            "params": [
                {
                    "name": "value",
                    "description": "The <code>id</code> or <code>src</code> of the load item.",
                    "type": "String"
                },
                {
                    "name": "rawResult",
                    "description": "Return a raw result instead of a formatted result. This applies to content loaded via\nXHR such as scripts, XML, CSS, and Images. If there is no raw result, the formatted result will be returned\ninstead.",
                    "type": "Boolean"
                }
            ],
            "return": {
                "description": "A result object containing the content that was loaded, such as:\n<ul>\n     <li>An HTMLImageElement tag (&lt;image /&gt;) for images</li>\n     <li>An HTMLAudioElement tag (&lt;audio &gt;) for audio</li>\n     <li>A script tag for JavaScript (&lt;script&gt;&lt;/script&gt;). Note that scripts loaded with tags\n         may be added to the HTML head.</li>\n     <li>A style tag for CSS (&lt;style&gt;&lt;/style&gt;)</li>\n     <li>Raw text for TEXT</li>\n     <li>A formatted JavaScript object defined by JSON</li>\n     <li>An XML document</li>\n     <li>An binary arraybuffer loaded by XHR</li>\n</ul>\nThis object is also returned via the \"onFileLoad\" callback as the \"result\" parameter of the event.",
                "type": "Object"
            },
            "class": "PreloadJS",
            "module": "PreloadJS"
        },
        {
            "file": "../src/preloadjs/PreloadJS.js",
            "line": 716,
            "description": "Pause or resume the current load. Active loads will not be cancelled, but the next items in the queue will not\nbe processed when active loads complete.",
            "itemtype": "method",
            "name": "setPaused",
            "params": [
                {
                    "name": "value",
                    "description": "Whether the queue should be paused or not.",
                    "type": "Boolean"
                }
            ],
            "class": "PreloadJS",
            "module": "PreloadJS"
        },
        {
            "file": "../src/preloadjs/PreloadJS.js",
            "line": 741,
            "description": "Add an item to the queue. Items are formatted into a usable object containing all the properties necessary to\nload the content. The load queues is populated with the actual loader instance that handles preloading, and not\nthe load item that was passed in by the user.",
            "itemtype": "method",
            "name": "_addItem",
            "params": [
                {
                    "name": "value",
                    "description": "The item to add to the queue.",
                    "type": "String | Object"
                }
            ],
            "access": "private",
            "tagname": "",
            "class": "PreloadJS",
            "module": "PreloadJS"
        },
        {
            "file": "../src/preloadjs/PreloadJS.js",
            "line": 769,
            "description": "Create a refined load item, which contains all the required properties (src, type, extension, tag). The type of\nitem is determined by browser support, requirements based on the file type, and developer settings. For example,\nXHR is only used for file types that support it in new browsers. Before the item is returned, any plugins\nregistered to handle the type or extension will be fired, which may alter the load item.",
            "itemtype": "method",
            "name": "_createLoadItem",
            "params": [
                {
                    "name": "value",
                    "description": "The item that needs to be preloaded.",
                    "type": "String | Object | HTMLAudioElement | HTMLImageElement"
                }
            ],
            "return": {
                "description": "The loader instance that will be used.",
                "type": "Object"
            },
            "access": "private",
            "tagname": "",
            "class": "PreloadJS",
            "module": "PreloadJS"
        },
        {
            "file": "../src/preloadjs/PreloadJS.js",
            "line": 857,
            "description": "Create a loader for a load item.",
            "itemtype": "method",
            "name": "_createLoader",
            "params": [
                {
                    "name": "item",
                    "description": "A formatted load item that can be used to generate a loader.",
                    "type": "Object"
                }
            ],
            "return": {
                "description": "A loader that can be used to load content.",
                "type": "AbstractLoader"
            },
            "access": "private",
            "tagname": "",
            "class": "PreloadJS",
            "module": "PreloadJS"
        },
        {
            "file": "../src/preloadjs/PreloadJS.js",
            "line": 890,
            "description": "Load the next item in the queue. If the queue is empty (all items have been loaded), then the complete events\nare processed. The queue will \"fill up\" any empty slots, up to the <code>maxConcurrentLoads</code>. The only\nexception is scripts that are loaded using tags - which have to be loaded one at a time to maintain load order.",
            "itemtype": "method",
            "name": "_loadNext",
            "access": "private",
            "tagname": "",
            "class": "PreloadJS",
            "module": "PreloadJS"
        },
        {
            "file": "../src/preloadjs/PreloadJS.js",
            "line": 933,
            "description": "Begin loading an item. Events are not added to the loaders until the load starts.",
            "itemtype": "method",
            "name": "_loadItem",
            "params": [
                {
                    "name": "loader",
                    "description": "The loader instance to start. Currently, this will be an XHRLoader or TagLoader.",
                    "type": "AbstractLoader"
                }
            ],
            "access": "private",
            "tagname": "",
            "class": "PreloadJS",
            "module": "PreloadJS"
        },
        {
            "file": "../src/preloadjs/PreloadJS.js",
            "line": 947,
            "description": "The callback that is fired when a loader enounters an error. The queue will continue loading unless\n<code>stopOnError</code> is set to <code>true</code>.",
            "itemtype": "method",
            "name": "_handleFileError",
            "params": [
                {
                    "name": "event",
                    "description": "The error event, containing relevant error information.",
                    "type": "Object"
                }
            ],
            "access": "private",
            "tagname": "",
            "class": "PreloadJS",
            "module": "PreloadJS"
        },
        {
            "file": "../src/preloadjs/PreloadJS.js",
            "line": 971,
            "description": "An item has finished loading. We can assume that it is totally loaded, has been parsed for immediate use, and\nis available as the \"result\" property on the load item. The raw text result for items that have been parsed\n(such as JSON, XML, CSS, JavaScript, etc) is available as the \"rawResult\" on the load item.",
            "itemtype": "method",
            "name": "_handleFileComplete",
            "params": [
                {
                    "name": "event",
                    "description": "The event object from the loader.",
                    "type": "Object"
                }
            ],
            "access": "private",
            "tagname": "",
            "class": "PreloadJS",
            "module": "PreloadJS"
        },
        {
            "file": "../src/preloadjs/PreloadJS.js",
            "line": 1019,
            "description": "Ensure the scripts load and dispatch in the correct order. When using XHR, scripts are stored in an array in the\norder they were added, but with a \"null\" value. When they are completed, the value is set to the load item,\nand then when they are processed and dispatched, the value is set to <code>true</code>. This method simply\niterates the array, and ensures that any loaded items that are not preceded by a <code>null</code> value are\ndispatched.",
            "itemtype": "method",
            "name": "_checkScriptLoadOrder",
            "access": "private",
            "tagname": "",
            "class": "PreloadJS",
            "module": "PreloadJS"
        },
        {
            "file": "../src/preloadjs/PreloadJS.js",
            "line": 1043,
            "description": "A load item is completed or was canceled, and needs to be removed from lists.",
            "itemtype": "method",
            "name": "_removeLoadItem",
            "params": [
                {
                    "name": "loader",
                    "description": "A loader instance to remove.",
                    "type": "AbstractLoader"
                }
            ],
            "access": "private",
            "tagname": "",
            "class": "PreloadJS",
            "module": "PreloadJS"
        },
        {
            "file": "../src/preloadjs/PreloadJS.js",
            "line": 1058,
            "description": "An item has dispatched progress.",
            "itemtype": "method",
            "name": "_handleProgress",
            "params": [
                {
                    "name": "event",
                    "description": "The progress event from the item.",
                    "type": "Object"
                }
            ],
            "access": "private",
            "tagname": "",
            "class": "PreloadJS",
            "module": "PreloadJS"
        },
        {
            "file": "../src/preloadjs/PreloadJS.js",
            "line": 1070,
            "description": "Overall progress has changed, so determine the new progress amount, and dispatch it. This changes any time an\nitem dispatches progress. Note that since we don't know the actual filesize of items before they are loaded, and\neven then, we can only get the size of items loaded with XHR. In this case, we define a \"slot\" for each item\n(1 item in 10 would get 10%), and then append loaded progress on top of the already-loaded items. For example, if\n5/10 items have loaded, and item 6 is 20% loaded, the total progress would be:\n     5/10 of the items in the queue (50%)\n     plus 20% of item 6's slot (2%)\n     equals 52%",
            "itemtype": "method",
            "name": "_updateProgress",
            "access": "private",
            "tagname": "",
            "class": "PreloadJS",
            "module": "PreloadJS"
        },
        {
            "file": "../src/preloadjs/PreloadJS.js",
            "line": 1095,
            "description": "Clean out item results, to free them from memory. Mainly, the loaded result is cleared out of the item.",
            "itemtype": "method",
            "name": "_disposeItem",
            "params": [
                {
                    "name": "item",
                    "description": "The item that was passed in for preloading.",
                    "type": "Object"
                }
            ],
            "access": "private",
            "tagname": "",
            "class": "PreloadJS",
            "module": "PreloadJS"
        },
        {
            "file": "../src/preloadjs/PreloadJS.js",
            "line": 1111,
            "description": "Create a tag. This is in PreloadJS instead of TagLoader because no matter how we load the data, we need to\nreturn it in a tag.",
            "params": [
                {
                    "name": "type",
                    "description": "The item type. Items are passed in by the developer, or deteremined by the extension.",
                    "type": "String"
                }
            ],
            "return": {
                "description": "The tag that is\ncreated. Note that tags are not appended to the HTML.",
                "type": "HTMLImageElement | HTMLAudioElement | HTMLScriptElement | HTMLLinkElement | Object"
            },
            "access": "private",
            "tagname": "",
            "class": "PreloadJS",
            "module": "PreloadJS"
        },
        {
            "file": "../src/preloadjs/PreloadJS.js",
            "line": 1154,
            "description": "Determine the type of the object using common extensions. Note that the type can be passed in with the load item\nif it is an unusual extension.",
            "params": [
                {
                    "name": "extension",
                    "description": "The file extension to use to determine the load type.",
                    "type": "String"
                }
            ],
            "return": {
                "description": "The determined load type (for example, createjs.PreloadJS.IMAGE) or null if it can not be\n     determined by the extension.",
                "type": "String"
            },
            "access": "private",
            "tagname": "",
            "class": "PreloadJS",
            "module": "PreloadJS"
        },
        {
            "file": "../src/preloadjs/PreloadJS.js",
            "line": 1190,
            "description": "Dispatch a fileProgress event (onFileProgress callback). The dispatched event contains:\n<ul><li>target: A reference to the dispatching instance</li>\n     <li>loaded: The amount that has been loaded.</li>\n     <li>total: The total amount that is being loaded.</li>\n     <li>progress: A normalized loaded value between 0 and 1.</li>\n     <li>item: The item that is dispatching progress.</ol>",
            "itemtype": "method",
            "name": "_sendFileProgress",
            "params": [
                {
                    "name": "item",
                    "description": "The item that is being loaded.",
                    "type": "Object"
                },
                {
                    "name": "progress",
                    "description": "The amount the item has been loaded (between 0 and 1).",
                    "type": "Number"
                }
            ],
            "access": "protected",
            "tagname": "",
            "class": "PreloadJS",
            "module": "PreloadJS"
        },
        {
            "file": "../src/preloadjs/PreloadJS.js",
            "line": 1218,
            "description": "Dispatch a fileLoad event (onFileLoad callback). The dispatched event contains:\n<ul><li>target: A reference to the dispatching instance</li>\n     <li>item: The item that is dispatching progress.</ol>",
            "itemtype": "method",
            "name": "_sendFileComplete",
            "params": [
                {
                    "name": "item",
                    "description": "The item that is being loaded.",
                    "type": "Object"
                }
            ],
            "access": "protected",
            "tagname": "",
            "class": "PreloadJS",
            "module": "PreloadJS"
        },
        {
            "file": "../src/preloadjs/PreloadJS.js",
            "line": 1243,
            "description": "A function proxy for PreloadJS methods. By default, JavaScript methods do not maintain scope, so passing a\nmethod as a callback will result in the method getting called in the scope of the caller. Using a proxy\nensures that the method gets called in the correct scope. All internal callbacks in PreloadJS use this approach.",
            "itemtype": "method",
            "name": "proxy",
            "params": [
                {
                    "name": "method",
                    "description": "The function to call",
                    "type": "Function"
                },
                {
                    "name": "scope",
                    "description": "The scope to call the method name on",
                    "type": "Object"
                }
            ],
            "static": 1,
            "access": "private",
            "tagname": "",
            "class": "PreloadJS",
            "module": "PreloadJS"
        },
        {
            "file": "../src/preloadjs/PreloadJS.js",
            "line": 1261,
            "description": "An additional module to determine the current browser, version, operating system, and other environmental variables.",
            "class": "PreloadJS",
            "module": "PreloadJS"
        },
        {
            "file": "../src/preloadjs/TagLoader.js",
            "line": 67,
            "description": "The timeout that is called if nothing is loaded after a certain delay.",
            "itemtype": "property",
            "name": "_loadTimeout",
            "type": "{Number}",
            "access": "private",
            "tagname": "",
            "class": "TagLoader",
            "module": "PreloadJS"
        },
        {
            "file": "../src/preloadjs/TagLoader.js",
            "line": 75,
            "description": "A reference to a proxy function, which we need in order to properly remove the event handler when the\nload completes.",
            "itemtype": "property",
            "name": "_tagCompletProxy",
            "type": "{Function}",
            "access": "private",
            "tagname": "",
            "class": "TagLoader",
            "module": "PreloadJS"
        },
        {
            "file": "../src/preloadjs/TagLoader.js",
            "line": 84,
            "description": "Determines if the load item is an audio tag, since there is some specific approaches we need to take to properly\nload audio.",
            "itemtype": "property",
            "name": "_isAudio",
            "type": "{Boolean}",
            "default": "false",
            "class": "TagLoader",
            "module": "PreloadJS"
        },
        {
            "file": "../src/preloadjs/TagLoader.js",
            "line": 93,
            "description": "The tag this loader uses to preload content.",
            "itemtype": "property",
            "name": "_tag",
            "type": "{HTMLAudioElement | SoundLoader | Object}",
            "access": "private",
            "tagname": "",
            "class": "TagLoader",
            "module": "PreloadJS"
        },
        {
            "file": "../src/preloadjs/TagLoader.js",
            "line": 109,
            "description": "Get the loaded content.",
            "itemtype": "method",
            "name": "getResult",
            "return": {
                "description": "The loaded and parsed content.",
                "type": "HTMLAudioE"
            },
            "class": "TagLoader",
            "module": "PreloadJS"
        },
        {
            "file": "../src/preloadjs/TagLoader.js",
            "line": 181,
            "description": "Handle an audio timeout. Newer browsers get a callback from the tags, but older ones may require a setTimeout\nto handle it. The setTimeout is always running until a response is handled by the browser.",
            "itemtype": "method",
            "name": "_handleTimeout",
            "access": "private",
            "tagname": "",
            "class": "TagLoader",
            "module": "PreloadJS"
        },
        {
            "file": "../src/preloadjs/TagLoader.js",
            "line": 192,
            "description": "Handle a stalled audio event. The main place we seem to get these is with HTMLAudio in Chrome when we try and\nplayback audio that is already in a load, but not complete.",
            "itemtype": "method",
            "name": "_handleStalled",
            "access": "private",
            "tagname": "",
            "class": "TagLoader",
            "module": "PreloadJS"
        },
        {
            "file": "../src/preloadjs/TagLoader.js",
            "line": 202,
            "description": "Handle an error event generated by the tag.",
            "itemtype": "method",
            "name": "_handleError",
            "access": "private",
            "tagname": "",
            "class": "TagLoader",
            "module": "PreloadJS"
        },
        {
            "file": "../src/preloadjs/TagLoader.js",
            "line": 212,
            "description": "Handle the readyStateChange event. We sometimes need this in place of the onload event (mainly SCRIPT and LINK\ntags), but other cases may exist. Note that audio uses a custom \"canplaythrough\" event.",
            "itemtype": "method",
            "name": "_handleReadyStateChange",
            "access": "private",
            "tagname": "",
            "class": "TagLoader",
            "module": "PreloadJS"
        },
        {
            "file": "../src/preloadjs/TagLoader.js",
            "line": 227,
            "description": "Handle a load (complete) event. This is called by tag callbacks, but also by readyState and canPlayThrough\nevents. Once loaded, the item is dispatched to PreloadJS.",
            "itemtype": "method",
            "name": "_handleLoad",
            "params": [
                {
                    "name": "event",
                    "description": ""
                }
            ],
            "access": "private",
            "tagname": "",
            "class": "TagLoader",
            "module": "PreloadJS"
        },
        {
            "file": "../src/preloadjs/TagLoader.js",
            "line": 252,
            "description": "Clean up the loader. This stops any timers and removes references to prevent errant callbacks.",
            "itemtype": "method",
            "name": "_clean",
            "access": "private",
            "tagname": "",
            "class": "TagLoader",
            "module": "PreloadJS"
        },
        {
            "file": "../src/preloadjs/XHRLoader.js",
            "line": 57,
            "description": "A reference to the XHR request used to load the content.",
            "itemtype": "property",
            "name": "_request",
            "type": "{XMLHttpRequest | XDomainRequest | ActiveX.XMLHTTP}",
            "access": "private",
            "tagname": "",
            "class": "XHRLoader",
            "module": "PreloadJS"
        },
        {
            "file": "../src/preloadjs/XHRLoader.js",
            "line": 65,
            "description": "A manual load timeout that is used for browsers that do not support the onTimeout event on XHR (XHR level 1,\ntypically IE9).",
            "itemtype": "property",
            "name": "_loadTimeout",
            "type": "{Number}",
            "access": "private",
            "tagname": "",
            "class": "XHRLoader",
            "module": "PreloadJS"
        },
        {
            "file": "../src/preloadjs/XHRLoader.js",
            "line": 74,
            "description": "The browser's XHR (XMLHTTPRequest) version. Supported versions are 1 and 2. There is no official way to detect\nthe version, so we use capabilities to make a best guess.",
            "itemtype": "property",
            "name": "_xhrLevel",
            "type": "Number",
            "default": "1",
            "access": "private",
            "tagname": "",
            "class": "XHRLoader",
            "module": "PreloadJS"
        },
        {
            "file": "../src/preloadjs/XHRLoader.js",
            "line": 84,
            "description": "The response of a loaded file. This is set because it is expensive to look up constantly. This property will be\nnull until the file is loaded.",
            "itemtype": "property",
            "name": "_response",
            "type": "{null}",
            "access": "private",
            "tagname": "",
            "class": "XHRLoader",
            "module": "PreloadJS"
        },
        {
            "file": "../src/preloadjs/XHRLoader.js",
            "line": 93,
            "description": "The response of the loaded file, before it is modified. In most cases, content is converted from raw text to\nan HTML tag or a formatted object, but the user may still want to access the raw content.",
            "itemtype": "property",
            "name": "_rawResponse",
            "type": "{Object}",
            "access": "private",
            "tagname": "",
            "class": "XHRLoader",
            "module": "PreloadJS"
        },
        {
            "file": "../src/preloadjs/XHRLoader.js",
            "line": 110,
            "description": "Get the loaded content. The XHRLoader parses loaded content into a usable tag or object. To get the unparsed\ncontent, use <code>getRawResult</code>.",
            "itemtype": "method",
            "name": "getResult",
            "return": {
                "description": "The loaded and parsed content.",
                "type": "Object"
            },
            "class": "XHRLoader",
            "module": "PreloadJS"
        },
        {
            "file": "../src/preloadjs/XHRLoader.js",
            "line": 120,
            "description": "Get the raw content loaded via XHR. If the content is not parsed (ie TEXT) this will be null.",
            "itemtype": "method",
            "name": "getRawResult",
            "return": {
                "description": "The loaded content.",
                "type": "Object"
            },
            "class": "XHRLoader",
            "module": "PreloadJS"
        },
        {
            "file": "../src/preloadjs/XHRLoader.js",
            "line": 165,
            "description": "The XHR request has reported progress.",
            "itemtype": "method",
            "name": "_handleProgress",
            "params": [
                {
                    "name": "event",
                    "description": "The XHR progress event.",
                    "type": "Object"
                }
            ],
            "access": "private",
            "tagname": "",
            "class": "XHRLoader",
            "module": "PreloadJS"
        },
        {
            "file": "../src/preloadjs/XHRLoader.js",
            "line": 178,
            "description": "The XHR request has reported a load start.",
            "itemtype": "method",
            "name": "_handleLoadStart",
            "params": [
                {
                    "name": "event",
                    "description": "The XHR loadStart event.",
                    "type": "Object"
                }
            ],
            "access": "private",
            "tagname": "",
            "class": "XHRLoader",
            "module": "PreloadJS"
        },
        {
            "file": "../src/preloadjs/XHRLoader.js",
            "line": 189,
            "description": "The XHR request has reported an abort event.",
            "itemtype": "method",
            "name": "handleAbort",
            "params": [
                {
                    "name": "event",
                    "description": "The XHR abort event.",
                    "type": "Object"
                }
            ],
            "access": "private",
            "tagname": "",
            "class": "XHRLoader",
            "module": "PreloadJS"
        },
        {
            "file": "../src/preloadjs/XHRLoader.js",
            "line": 200,
            "description": "The XHR request has reported an error event.",
            "itemtype": "method",
            "name": "_handleError",
            "params": [
                {
                    "name": "event",
                    "description": "The XHR error event.",
                    "type": "Object"
                }
            ],
            "access": "private",
            "tagname": "",
            "class": "XHRLoader",
            "module": "PreloadJS"
        },
        {
            "file": "../src/preloadjs/XHRLoader.js",
            "line": 211,
            "description": "The XHR request has reported a readyState change. Note that older browsers (IE 7 & 8) do not provide an onload\nevent, so we must monitor the readyStateChange to determine if the file is loaded.",
            "itemtype": "method",
            "name": "_handleReadyStateChange",
            "params": [
                {
                    "name": "event",
                    "description": "The XHR readyStateChange event.",
                    "type": "Object"
                }
            ],
            "access": "private",
            "tagname": "",
            "class": "XHRLoader",
            "module": "PreloadJS"
        },
        {
            "file": "../src/preloadjs/XHRLoader.js",
            "line": 224,
            "description": "The XHR request has completed. This is called by the XHR request directly, or by a readyStateChange that has\n<code>request.readyState == 4</code>. Only the first call to this method will be processed.",
            "itemtype": "method",
            "name": "_handleLoad",
            "params": [
                {
                    "name": "event",
                    "description": "The XHR load event.",
                    "type": "Object"
                }
            ],
            "access": "private",
            "tagname": "",
            "class": "XHRLoader",
            "module": "PreloadJS"
        },
        {
            "file": "../src/preloadjs/XHRLoader.js",
            "line": 251,
            "description": "The XHR request has timed out. This is called by the XHR request directly, or as a <code>setTimeout</code>\ncallback.",
            "itemtype": "method",
            "name": "_handleTimeout",
            "params": [
                {
                    "name": "event",
                    "description": "The XHR timeout event.",
                    "type": "Object"
                }
            ],
            "access": "private",
            "tagname": "",
            "class": "XHRLoader",
            "module": "PreloadJS"
        },
        {
            "file": "../src/preloadjs/XHRLoader.js",
            "line": 265,
            "description": "Determine if there is an error in the current load. This checks the status of the request for problem codes. This\ndoes not check for an actual response. Currently, it checks for 404 and 0 error codes.",
            "itemtype": "method",
            "name": "_checkError",
            "todo": [
                "Add more error codes",
                "such as 501."
            ],
            "return": {
                "description": "If the request status returns an error code.",
                "type": "Boolean"
            },
            "access": "private",
            "tagname": "",
            "class": "XHRLoader",
            "module": "PreloadJS"
        },
        {
            "file": "../src/preloadjs/XHRLoader.js",
            "line": 285,
            "description": "Validate the response. Different browsers have different methods, some of which throw errors when accessed. If\nthere is no response, the <code>_response</code>",
            "itemtype": "method",
            "name": "_getResponse",
            "access": "private",
            "tagname": "",
            "class": "XHRLoader",
            "module": "PreloadJS"
        },
        {
            "file": "../src/preloadjs/XHRLoader.js",
            "line": 317,
            "description": "Create an XHR request. Depending on a number of factors, we get totally different results.\n<ol><li>Some browsers get an <code>XDomainRequest</code> when loading cross-domain.</li>\n     <li>XMLHttpRequest are created when available.</li>\n     <li>ActiveX.XMLHTTP objects are used in older IE browsers.</li>\n     <li>Text requests override the mime type if possible</li>\n     <li>Origin headers are sent for crossdomain requests in some browsers.</li>\n     <li>Binary loads set the response type to \"arraybuffer\"</li></ol>",
            "itemtype": "method",
            "name": "_createXHR",
            "params": [
                {
                    "name": "item",
                    "description": ""
                }
            ],
            "return": {
                "description": "",
                "type": "Boolean"
            },
            "access": "private",
            "tagname": "",
            "class": "XHRLoader",
            "module": "PreloadJS"
        },
        {
            "file": "../src/preloadjs/XHRLoader.js",
            "line": 380,
            "description": "A request has completed (or failed or canceled), and needs to be disposed.",
            "itemtype": "method",
            "name": "_clean",
            "access": "private",
            "tagname": "",
            "class": "XHRLoader",
            "module": "PreloadJS"
        },
        {
            "file": "../src/preloadjs/XHRLoader.js",
            "line": 401,
            "description": "Generate a tag for items that can be represented as tags. For example, IMAGE, SCRIPT, and LINK. This also handles\nXML and SVG.",
            "itemtype": "method",
            "name": "_generateTag",
            "return": {
                "description": "If a tag was generated, but is not ready for instantiation, this method returns false.",
                "type": "Boolean"
            },
            "access": "private",
            "tagname": "",
            "class": "XHRLoader",
            "module": "PreloadJS"
        },
        {
            "file": "../src/preloadjs/XHRLoader.js",
            "line": 476,
            "description": "Parse XML using the DOM. This is required when preloading XML or SVG.",
            "itemtype": "method",
            "name": "_parseXML",
            "params": [
                {
                    "name": "text",
                    "description": "The raw text or XML that is loaded by XHR.",
                    "type": "String"
                },
                {
                    "name": "type",
                    "description": "The mime type of the XML.",
                    "type": "String"
                }
            ],
            "return": {
                "description": "An XML document.",
                "type": "XML"
            },
            "access": "private",
            "tagname": "",
            "class": "XHRLoader",
            "module": "PreloadJS"
        },
        {
            "file": "../src/preloadjs/XHRLoader.js",
            "line": 497,
            "description": "A generated tag is now ready for use.",
            "methid": "_handleTagReady",
            "access": "private",
            "tagname": "",
            "class": "XHRLoader",
            "module": "PreloadJS"
        }
    ],
    "warnings": [
        {
            "message": "unknown tag: methid",
            "line": " ../src/preloadjs/XHRLoader.js:497"
        },
        {
            "message": "Missing item type\nGet a reference to the manifest item that is loaded by this loader.",
            "line": " ../src/preloadjs/AbstractLoader.js:199"
        },
        {
            "message": "Missing item type\nThe current version of the PreloadJS library.",
            "line": " ../src/preloadjs/PreloadJS.js:71"
        },
        {
            "message": "Missing item type\nCreate a tag. This is in PreloadJS instead of TagLoader because no matter how we load the data, we need to\nreturn it in a tag.",
            "line": " ../src/preloadjs/PreloadJS.js:1111"
        },
        {
            "message": "Missing item type\nDetermine the type of the object using common extensions. Note that the type can be passed in with the load item\nif it is an unusual extension.",
            "line": " ../src/preloadjs/PreloadJS.js:1154"
        },
        {
            "message": "Missing item type\nAn additional module to determine the current browser, version, operating system, and other environmental variables.",
            "line": " ../src/preloadjs/PreloadJS.js:1261"
        },
        {
            "message": "Missing item type\nA generated tag is now ready for use.",
            "line": " ../src/preloadjs/XHRLoader.js:497"
        }
    ]
}